X,Y,acceptedSc,decimalLon,decimalLat,stateProvi,icon_url
73.97692,18.14675,"""Ceropegia malwanensis (S.R.Yadav & N.P.Singh) Bruyns""",73.976920000000007,18.146750000000001,"""Maharashtra""",./0.png
72.94458,19.233765,"""Ceropegia vincifolia Hook.""",72.944580000000002,19.233764999999998,"""Maharashtra""",./0.png
72.963166,19.239436,"""Ceropegia vincifolia Hook.""",72.963166000000001,19.239436000000001,"""Maharashtra""",./0.png
74.815372,16.214357,"""Ceropegia spiralis Wight""",74.815371999999996,16.214357000000000,"""Karnataka""",./0.png
74.497674,15.849695,"""Ceropegia spiralis Wight""",74.497674000000004,15.849695000000001,"""Karnataka""",./0.png
73.013244,19.184725,"""Ceropegia attenuata Hook.""",73.013244000000000,19.184725000000000,"""Maharashtra""",./0.png
73.45927,16.666363,"""Ceropegia attenuata Hook.""",73.459270000000004,16.666363000000000,"""Maharashtra""",./0.png
73.291278,16.946596,"""Ceropegia attenuata Hook.""",73.291278000000005,16.946596000000000,"""Maharashtra""",./0.png
73.744579,18.242068,"""Ceropegia oculata Hook.""",73.744579000000002,18.242068000000000,"""Maharashtra""",./0.png
77.592371,12.895078,"""Ceropegia candelabrum subsp. tuberosa (Roxb.) H.Huber""",77.592371000000000,12.895078000000000,"""Karnataka""",./0.png
76.805778,10.386646,"""Ceropegia hirsuta Wight & Arn.""",76.805778000000004,10.386646000000001,"""Kerala""",./0.png
76.71758,10.378588,"""Ceropegia hirsuta Wight & Arn.""",76.717579999999998,10.378588000000001,"""Kerala""",./0.png
73.821641,18.521059,"""Ceropegia bulbosa Roxb.""",73.821641000000000,18.521059000000001,"""Maharashtra""",./0.png
73.815384,18.52549,"""Ceropegia bulbosa Roxb.""",73.815383999999995,18.525490000000001,"""Maharashtra""",./0.png
82.393257,22.106508,"""Ceropegia hirsuta Wight & Arn.""",82.393257000000006,22.106508000000002,"""Chhattisgarh""",./0.png
73.388875,19.261165,"""Ceropegia odorata Nimmo""",73.388874999999999,19.261164999999998,"""Maharashtra""",./0.png
73.378359,19.263262,"""Ceropegia odorata Nimmo""",73.378359000000003,19.263262000000001,"""Maharashtra""",./0.png
73.817825,18.518711,"""Ceropegia bulbosa Roxb.""",73.817824999999999,18.518711000000000,"""Maharashtra""",./0.png
73.388553,16.466627,"""Ceropegia attenuata Hook.""",73.388553000000002,16.466626999999999,"""Maharashtra""",./0.png
73.57133,19.911046,"""Ceropegia attenuata Hook.""",73.571330000000003,19.911045999999999,"""Maharashtra""",./0.png
73.686633,19.297575,"""Ceropegia lawii Hook.f.""",73.686633000000000,19.297574999999998,"""Maharashtra""",./0.png
73.388875,19.261165,"""Ceropegia odorata Nimmo""",73.388874999999999,19.261164999999998,"""Maharashtra""",./0.png
73.622311,19.257888,"""Ceropegia bulbosa Roxb.""",73.622310999999996,19.257888000000001,"""Maharashtra""",./0.png
74.011668,15.932791,"""Ceropegia jainii Ansari & B.G.Kulk.""",74.011668000000000,15.932791000000000,"""Maharashtra""",./0.png
73.755878,18.366277,"""Ceropegia lawii Hook.f.""",73.755877999999996,18.366277000000000,"""Maharashtra""",./0.png
74.217933,27.023804,"""Ceropegia edulis (Edgew.) Bruyns""",74.217933000000002,27.023803999999998,"""Rajasthan""",./0.png
75.657966,12.214813,"""Ceropegia decaisneana Wight""",75.657966000000002,12.214812999999999,"""Karnataka""",./0.png
76.271083,10.850516,"""Ceropegia elegans Wall.""",76.271083000000004,10.850516000000001,"""Kerala""",./0.png
76.31083,10.840516,"""Ceropegia intermedia Wight""",76.310829999999996,10.840515999999999,"""Kerala""",./0.png
76.680107,11.574109,"""Ceropegia umbellata (Haw.) Bruyns""",76.680107000000007,11.574109000000000,"""Tamil Nadu""",./0.png
79.0193,30.066753,"""Ceropegia wallichii Wight""",79.019300000000001,30.066752999999999,"""Uttarakhand""",./0.png
77.525942,12.878449,"""Ceropegia candelabrum L.""",77.525942000000001,12.878449000000000,"""Karnataka""",./0.png
73.773106,19.391816,"""Ceropegia lawii Hook.f.""",73.773105999999999,19.391815999999999,"""Maharashtra""",./0.png
73.659801,18.051198,"""Ceropegia lawii Hook.f.""",73.659801000000002,18.051197999999999,"""Maharashtra""",./0.png
73.641588,15.861986,"""Ceropegia attenuata Hook.""",73.641587999999999,15.861986000000000,"""Maharashtra""",./0.png
72.871792,19.232779,"""Ceropegia attenuata Hook.""",72.871791999999999,19.232779000000001,"""Maharashtra""",./0.png
72.913853,19.228346,"""Ceropegia attenuata Hook.""",72.913853000000003,19.228345999999998,"""Maharashtra""",./0.png
72.906905,19.206086,"""Ceropegia vincifolia Hook.""",72.906904999999995,19.206085999999999,"""Maharashtra""",./0.png
72.906712,19.206054,"""Ceropegia attenuata Hook.""",72.906711999999999,19.206054000000002,"""Maharashtra""",./0.png
73.49989,19.152966,"""Ceropegia oculata Hook.""",73.499889999999994,19.152965999999999,"""Maharashtra""",./0.png
73.459242,18.475911,"""Ceropegia santapaui Wadhwa & Ansari""",73.459242000000003,18.475911000000000,"""Maharashtra""",./0.png
77.529023,12.882808,"""Ceropegia candelabrum L.""",77.529022999999995,12.882808000000001,"""Karnataka""",./0.png
73.752535,18.385609,"""Ceropegia media (Huber) M.Y.Ansari""",73.752534999999995,18.385608999999999,"""Maharashtra""",./0.png
73.763329,18.371761,"""Ceropegia vincifolia Hook.""",73.763328999999999,18.371760999999999,"""Maharashtra""",./0.png
74.030507,18.35109,"""Ceropegia bulbosa Roxb.""",74.030507000000000,18.351089999999999,"""Maharashtra""",./0.png
74.041585,17.492207,"""Ceropegia jainii Ansari & B.G.Kulk.""",74.041584999999998,17.492207000000001,"""Maharashtra""",./0.png
73.749067,18.369121,"""Ceropegia oculata Hook.""",73.749066999999997,18.369121000000000,"""Maharashtra""",./0.png
73.763627,19.341468,"""Ceropegia lawii Hook.f.""",73.763627000000000,19.341467999999999,"""Maharashtra""",./0.png
77.524998,12.878073,"""Ceropegia hirsuta Wight & Arn.""",77.524997999999997,12.878073000000001,"""Karnataka""",./0.png
73.755876,18.366304,"""Ceropegia oculata Hook.""",73.755876000000001,18.366304000000000,"""Maharashtra""",./0.png
73.755876,18.366304,"""Ceropegia media (Huber) M.Y.Ansari""",73.755876000000001,18.366304000000000,"""Maharashtra""",./0.png
73.755876,18.366304,"""Ceropegia lawii Hook.f.""",73.755876000000001,18.366304000000000,"""Maharashtra""",./0.png
73.755876,18.366304,"""Ceropegia vincifolia Hook.""",73.755876000000001,18.366304000000000,"""Maharashtra""",./0.png
74.007271,15.969859,"""Ceropegia fantastica Sedgwick""",74.007271000000003,15.969859000000000,"""Maharashtra""",./0.png
73.633967,15.853514,"""Ceropegia attenuata Hook.""",73.633966999999998,15.853514000000001,"""Maharashtra""",./0.png
73.637996,15.857182,"""Ceropegia attenuata Hook.""",73.637996000000001,15.857182000000000,"""Maharashtra""",./0.png
73.430544,18.446903,"""Ceropegia santapaui Wadhwa & Ansari""",73.430543999999998,18.446902999999999,"""Maharashtra""",./0.png
73.51899,17.542123,"""Ceropegia santapaui Wadhwa & Ansari""",73.518990000000002,17.542123000000000,"""Maharashtra""",./0.png
73.474541,16.060328,"""Ceropegia attenuata Hook.""",73.474541000000002,16.060327999999998,"""Maharashtra""",./0.png
73.756114,18.367728,"""Ceropegia lawii Hook.f.""",73.756113999999997,18.367728000000000,"""Maharashtra""",./0.png
73.756163,18.392293,"""Ceropegia lawii Hook.f.""",73.756163000000001,18.392292999999999,"""Maharashtra""",./0.png
74.176874,16.476626,"""Ceropegia lawii Hook.f.""",74.176873999999998,16.476626000000000,"""Maharashtra""",./0.png
73.790808,16.761431,"""Ceropegia lawii Hook.f.""",73.790807999999998,16.761431000000002,"""Maharashtra""",./0.png
73.306281,18.851512,"""Ceropegia attenuata Hook.""",73.306280999999998,18.851512000000000,"""Maharashtra""",./0.png
72.793232,19.197692,"""Ceropegia bulbosa Roxb.""",72.793232000000003,19.197692000000000,"""Maharashtra""",./0.png
74.746143,20.81993,"""Ceropegia bulbosa Roxb.""",74.746143000000004,20.819929999999999,"""Maharashtra""",./0.png
72.933188,19.447501,"""Ceropegia vincifolia Hook.""",72.933188000000001,19.447500999999999,"""Maharashtra""",./0.png
73.385737,18.621234,"""Ceropegia lawii Hook.f.""",73.385737000000006,18.621234000000001,"""Maharashtra""",./0.png
73.988145,18.248169,"""Ceropegia hirsuta Wight & Arn.""",73.988145000000003,18.248169000000001,"""Maharashtra""",./0.png
73.856744,18.52043,"""Ceropegia bulbosa Roxb.""",73.856744000000006,18.520430000000001,"""Maharashtra""",./0.png
73.921839,18.14065,"""Ceropegia hirsuta Wight & Arn.""",73.921839000000006,18.140650000000001,"""Maharashtra""",./0.png
73.78961,19.999851,"""Ceropegia attenuata Hook.""",73.789609999999996,19.999851000000000,"""Maharashtra""",./0.png
73.815384,18.52549,"""Ceropegia hirsuta Wight & Arn.""",73.815383999999995,18.525490000000001,"""Maharashtra""",./0.png
73.856744,18.52043,"""Ceropegia bulbosa Roxb.""",73.856744000000006,18.520430000000001,"""Maharashtra""",./0.png
73.856744,18.52043,"""Ceropegia lawii Hook.f.""",73.856744000000006,18.520430000000001,"""Maharashtra""",./0.png
73.370797,18.764457,"""Ceropegia mahabalei Hemadri & M.Y.Ansari""",73.370796999999996,18.764457000000000,"""Maharashtra""",./0.png
74.003571,15.964716,"""Ceropegia jainii Ansari & B.G.Kulk.""",74.003570999999994,15.964715999999999,"""Maharashtra""",./0.png
73.823716,17.720831,"""Ceropegia jainii Ansari & B.G.Kulk.""",73.823716000000005,17.720831000000000,"""Maharashtra""",./0.png
72.927189,19.445265,"""Ceropegia vincifolia Hook.""",72.927188999999998,19.445264999999999,"""Maharashtra""",./0.png
75.713888,15.317278,"""Ceropegia decaisneana Wight""",75.713887999999997,15.317278000000000,"""Karnataka""",./0.png
75.713888,15.317278,"""Ceropegia decaisneana Wight""",75.713887999999997,15.317278000000000,"""Karnataka""",./0.png
73.413728,18.681518,"""Ceropegia evansii Mc Cann""",73.413728000000006,18.681518000000001,"""Maharashtra""",./0.png
73.708042,17.941946,"""Ceropegia lawii Hook.f.""",73.708042000000006,17.941946000000002,"""Maharashtra""",./0.png
73.410803,18.757277,"""Ceropegia santapaui Wadhwa & Ansari""",73.410803000000001,18.757276999999998,"""Maharashtra""",./0.png
77.52856,12.881367,"""Ceropegia candelabrum L.""",77.528559999999999,12.881366999999999,"""Karnataka""",./0.png
75.676082,15.918622,"""Ceropegia juncea Roxb.""",75.676081999999994,15.918621999999999,"""Karnataka""",./0.png
73.526989,15.939297,"""Ceropegia hirsuta Wight & Arn.""",73.526989000000000,15.939297000000000,"""Maharashtra""",./0.png
75.676082,15.918622,"""Ceropegia juncea Roxb.""",75.676081999999994,15.918621999999999,"""Karnataka""",./0.png
74.003571,15.964716,"""Ceropegia fantastica Sedgwick""",74.003570999999994,15.964715999999999,"""Maharashtra""",./0.png
77.526987,12.881163,"""Ceropegia candelabrum L.""",77.526987000000005,12.881163000000001,"""Karnataka""",./0.png
77.21038,13.375097,"""Ceropegia spiralis Wight""",77.210380000000001,13.375097000000000,"""Karnataka""",./0.png
77.617633,14.232145,"""Ceropegia bulbosa Roxb.""",77.617632999999998,14.232144999999999,"""Andhra Pradesh""",./0.png
77.203903,13.370692,"""Ceropegia spiralis Wight""",77.203902999999997,13.370692000000000,,./0.png
77.526367,12.883924,"""Ceropegia candelabrum L.""",77.526366999999993,12.883924000000000,,./0.png
75.725143,12.682228,"""Ceropegia hirsuta Wight & Arn.""",75.725143000000003,12.682228000000000,,./0.png
73.571032,19.14028,"""Ceropegia frerei (Rowley) Bruyns""",73.571032000000002,19.140280000000001,"""Maharashtra""",./0.png
77.275822,8.698352,"""Ceropegia candelabrum subsp. candelabrum""",77.275822000000005,8.698352000000000,"""Tamil Nadu""",./0.png
75.408249,27.628584,"""Ceropegia bulbosa Roxb.""",75.408248999999998,27.628584000000000,,./0.png
77.275822,8.698352,"""Ceropegia candelabrum L.""",77.275822000000005,8.698352000000000,"""Tamil Nadu""",./0.png
74.81562,16.159185,"""Ceropegia spiralis Wight""",74.815619999999996,16.159185000000001,"""Karnataka""",./0.png
79.003772,14.126665,"""Ceropegia spiralis Wight""",79.003771999999998,14.126664999999999,"""Andhra Pradesh""",./0.png
73.811028,16.381967,"""Ceropegia attenuata Hook.""",73.811027999999993,16.381967000000000,"""Maharashtra""",./0.png
73.638904,15.851414,"""Ceropegia attenuata Hook.""",73.638903999999997,15.851414000000000,"""Maharashtra""",./0.png
73.638904,15.851414,"""Ceropegia attenuata Hook.""",73.638903999999997,15.851414000000000,"""Maharashtra""",./0.png
79.739988,15.9129,"""Ceropegia umbellata (Haw.) Bruyns""",79.739987999999997,15.912900000000000,"""Andhra Pradesh""",./0.png
74.003571,15.964716,"""Ceropegia fantastica Sedgwick""",74.003570999999994,15.964715999999999,"""Maharashtra""",./0.png
73.814758,17.720058,"""Ceropegia jainii Ansari & B.G.Kulk.""",73.814757999999998,17.720058000000002,"""Maharashtra""",./0.png
74.003571,15.964716,"""Ceropegia fantastica Sedgwick""",74.003570999999994,15.964715999999999,"""Maharashtra""",./0.png
75.109227,13.214333,"""Ceropegia candelabrum subsp. candelabrum""",75.109227000000004,13.214333000000000,"""Karnataka""",./0.png
73.830537,16.55467,"""Ceropegia lawii Hook.f.""",73.830537000000007,16.554670000000002,"""Maharashtra""",./0.png
73.512978,18.992087,"""Ceropegia oculata Hook.""",73.512978000000004,18.992087000000001,"""Maharashtra""",./0.png
73.823716,17.720831,"""Ceropegia vincifolia Hook.""",73.823716000000005,17.720831000000000,"""Maharashtra""",./0.png
73.824262,16.512929,"""Ceropegia lawii Hook.f.""",73.824262000000004,16.512929000000000,"""Maharashtra""",./0.png
73.821344,18.519086,"""Ceropegia hirsuta Wight & Arn.""",73.821343999999996,18.519086000000001,"""Maharashtra""",./0.png
73.57,19.92,"""Ceropegia frerei (Rowley) Bruyns""",73.569999999999993,19.920000000000002,"""Maharashtra""",./0.png
73.471054,16.063069,"""Ceropegia malwanensis (S.R.Yadav & N.P.Singh) Bruyns""",73.471053999999995,16.063068999999999,"""Maharashtra""",./0.png
75.028988,15.965594,"""Ceropegia juncea Roxb.""",75.028987999999998,15.965593999999999,"""Karnataka""",./0.png
70.562,21.568,"""Ceropegia bulbosa Roxb.""",70.561999999999998,21.568000000000001,"""Gujarat""",./0.png
73.512978,18.992087,"""Ceropegia evansii Mc Cann""",73.512978000000004,18.992087000000001,"""Maharashtra""",./0.png
74.243253,16.704987,"""Ceropegia fantastica Sedgwick""",74.243252999999996,16.704986999999999,"""Maharashtra""",./0.png
73.87425,19.203184,"""Ceropegia vincifolia Hook.""",73.874250000000004,19.203184000000000,"""Maharashtra""",./0.png
73.87425,19.203184,"""Ceropegia mahabalei Hemadri & M.Y.Ansari""",73.874250000000004,19.203184000000000,"""Maharashtra""",./0.png
73.789802,19.997453,"""Ceropegia mahabalei Hemadri & M.Y.Ansari""",73.789801999999995,19.997453000000000,"""Maharashtra""",./0.png
73.535694,19.071969,"""Ceropegia lawii Hook.f.""",73.535694000000007,19.071968999999999,"""Maharashtra""",./0.png
74.243253,16.704987,"""Ceropegia shrirangii (Kambale, Gholave & Sardesai)""",74.243252999999996,16.704986999999999,"""Maharashtra""",./0.png
73.813554,17.71505,"""Ceropegia media (Huber) M.Y.Ansari""",73.813553999999996,17.715050000000002,"""Maharashtra""",./0.png
73.812657,17.715648,"""Ceropegia vincifolia Hook.""",73.812657000000002,17.715648000000002,"""Maharashtra""",./0.png
73.57,19.92,"""Ceropegia attenuata Hook.""",73.569999999999993,19.920000000000002,"""Maharashtra""",./0.png
73.535694,19.071969,"""Ceropegia lawii Hook.f.""",73.535694000000007,19.071968999999999,"""Maharashtra""",./0.png
73.789802,19.997453,"""Ceropegia mahabalei Hemadri & M.Y.Ansari""",73.789801999999995,19.997453000000000,"""Maharashtra""",./0.png
73.535694,19.071969,"""Ceropegia lawii Hook.f.""",73.535694000000007,19.071968999999999,"""Maharashtra""",./0.png
73.789802,19.997453,"""Ceropegia mahabalei Hemadri & M.Y.Ansari""",73.789801999999995,19.997453000000000,"""Maharashtra""",./0.png
74.003571,15.964716,"""Ceropegia jainii Ansari & B.G.Kulk.""",74.003570999999994,15.964715999999999,"""Maharashtra""",./0.png
73.811881,17.721972,"""Ceropegia vincifolia Hook.""",73.811881000000000,17.721972000000001,"""Maharashtra""",./0.png
77.617633,14.232145,"""Ceropegia juncea Roxb.""",77.617632999999998,14.232144999999999,"""Andhra Pradesh""",./0.png
73.685447,19.276822,"""Ceropegia lawii Hook.f.""",73.685446999999996,19.276821999999999,"""Maharashtra""",./0.png
73.530634,19.932154,"""Ceropegia lawii Hook.f.""",73.530634000000006,19.932154000000001,"""Maharashtra""",./0.png
73.650112,19.237132,"""Ceropegia lawii Hook.f.""",73.650111999999993,19.237131999999999,"""Maharashtra""",./0.png
73.638904,15.851414,"""Ceropegia attenuata Hook.""",73.638903999999997,15.851414000000000,"""Maharashtra""",./0.png
73.65,17.43,"""Ceropegia santapaui Wadhwa & Ansari""",73.650000000000006,17.430000000000000,"""Maharashtra""",./0.png
73.811028,16.381967,"""Ceropegia attenuata Hook.""",73.811027999999993,16.381967000000000,"""Maharashtra""",./0.png
73.823716,17.720831,"""Ceropegia media (Huber) M.Y.Ansari""",73.823716000000005,17.720831000000000,"""Maharashtra""",./0.png
74.018261,17.680464,"""Ceropegia hirsuta Wight & Arn.""",74.018260999999995,17.680464000000001,"""Maharashtra""",./0.png
74.118261,17.690464,"""Ceropegia noorjahaniae M.A.Ansari""",74.118261000000004,17.690463999999999,"""Maharashtra""",./0.png
73.515134,17.531904,"""Ceropegia santapaui Wadhwa & Ansari""",73.515134000000003,17.531904000000001,"""Maharashtra""",./0.png
73.559413,16.349219,"""Ceropegia attenuata Hook.""",73.559413000000006,16.349219000000002,"""Maharashtra""",./0.png
73.391224,18.712366,"""Ceropegia lawii Hook.f.""",73.391223999999994,18.712365999999999,"""Maharashtra""",./0.png
73.638904,15.851414,"""Ceropegia attenuata Hook.""",73.638903999999997,15.851414000000000,"""Maharashtra""",./0.png
73.811028,16.381967,"""Ceropegia attenuata Hook.""",73.811027999999993,16.381967000000000,"""Maharashtra""",./0.png
73.638904,15.851414,"""Ceropegia attenuata Hook.""",73.638903999999997,15.851414000000000,"""Maharashtra""",./0.png
73.515134,17.531904,"""Ceropegia santapaui Wadhwa & Ansari""",73.515134000000003,17.531904000000001,"""Maharashtra""",./0.png
73.778056,19.386389,"""Ceropegia lawii Hook.f.""",73.778056000000007,19.386389000000001,"""Maharashtra""",./0.png
73.15,19.25,"""Ceropegia lawii Hook.f.""",73.150000000000006,19.250000000000000,"""Maharashtra""",./0.png
73.774538,16.367949,"""Ceropegia attenuata Hook.""",73.774538000000007,16.367948999999999,"""Maharashtra""",./0.png
73.778,19.386457,"""Ceropegia lawii Hook.f.""",73.778000000000006,19.386457000000000,"""Maharashtra""",./0.png
73.182162,18.515752,"""Ceropegia odorata Nimmo""",73.182162000000005,18.515751999999999,"""Maharashtra""",./0.png
74.018261,17.680464,"""Ceropegia noorjahaniae M.A.Ansari""",74.018260999999995,17.680464000000001,"""Maharashtra""",./0.png
73.579332,19.931714,"""Ceropegia lawii Hook.f.""",73.579331999999994,19.931713999999999,"""Maharashtra""",./0.png
74.052174,17.620973,"""Ceropegia hirsuta Wight & Arn.""",74.052173999999994,17.620972999999999,"""Maharashtra""",./0.png
73.825842,17.723024,"""Ceropegia jainii Ansari & B.G.Kulk.""",73.825841999999994,17.723023999999999,"""Maharashtra""",./0.png
73.826615,17.723517,"""Ceropegia jainii Ansari & B.G.Kulk.""",73.826615000000004,17.723517000000001,"""Maharashtra""",./0.png
74.056229,17.615283,"""Ceropegia noorjahaniae M.A.Ansari""",74.056229000000002,17.615283000000002,"""Maharashtra""",./0.png
74.052191,17.620871,"""Ceropegia bulbosa Roxb.""",74.052190999999993,17.620871000000001,"""Maharashtra""",./0.png
73.748555,19.941211,"""Ceropegia bulbosa Roxb.""",73.748554999999996,19.941210999999999,"""Maharashtra""",./0.png
73.676477,19.298229,"""Ceropegia lawii Hook.f.""",73.676477000000006,19.298228999999999,"""Maharashtra""",./0.png
73.619412,19.773387,"""Ceropegia lawii Hook.f.""",73.619411999999997,19.773387000000000,"""Maharashtra""",./0.png
73.271179,18.988659,"""Ceropegia media (Huber) M.Y.Ansari""",73.271179000000004,18.988658999999998,"""Maharashtra""",./0.png
76.516667,11.25,"""Ceropegia media (Huber) M.Y.Ansari""",76.516666999999998,11.250000000000000,,./0.png
73.823716,17.720831,"""Ceropegia evansii Mc Cann""",73.823716000000005,17.720831000000000,"""Maharashtra""",./0.png
74.063773,17.611793,"""Ceropegia hirsuta Wight & Arn.""",74.063772999999998,17.611792999999999,"""Maharashtra""",./0.png
73.409076,18.755724,"""Ceropegia lawii Hook.f.""",73.409075999999999,18.755724000000001,"""Maharashtra""",./0.png
73.755878,18.366277,"""Ceropegia lawii Hook.f.""",73.755877999999996,18.366277000000000,"""Maharashtra""",./0.png
73.755878,18.366277,"""Ceropegia oculata Hook.""",73.755877999999996,18.366277000000000,"""Maharashtra""",./0.png
73.01668,19.190856,"""Ceropegia vincifolia Hook.""",73.016679999999994,19.190856000000000,"""Maharashtra""",./0.png
73.719261,18.107813,"""Ceropegia lawii Hook.f.""",73.719261000000003,18.107813000000000,"""Maharashtra""",./0.png
73.524035,19.158687,"""Ceropegia lawii Hook.f.""",73.524034999999998,19.158687000000000,"""Maharashtra""",./0.png
73.013778,19.163355,"""Ceropegia attenuata Hook.""",73.013778000000002,19.163354999999999,"""Maharashtra""",./0.png
73.969536,18.276569,"""Ceropegia media (Huber) M.Y.Ansari""",73.969536000000005,18.276568999999999,"""Maharashtra""",./0.png
73.764647,18.366597,"""Ceropegia oculata Hook.""",73.764646999999997,18.366596999999999,"""Maharashtra""",./0.png
73.750725,18.356503,"""Ceropegia oculata Hook.""",73.750725000000003,18.356503000000000,,./0.png
74.063774,17.611794,"""Ceropegia hirsuta Wight & Arn.""",74.063773999999995,17.611794000000000,,./0.png
73.974129,18.279062,"""Ceropegia oculata Hook.""",73.974129000000005,18.279062000000000,,./0.png
73.583333,19.95,"""Ceropegia attenuata Hook.""",73.583332999999996,19.949999999999999,"""Maharashtra""",./0.png
69.7234,21.7203,"""Ceropegia bulbosa Roxb.""",69.723399999999998,21.720300000000002,"""Gujarat""",./0.png
69.7264,21.7172,"""Ceropegia bulbosa Roxb.""",69.726399999999998,21.717199999999998,"""Gujarat""",./0.png
76.456118,12.16717,"""Ceropegia hirsuta Wight & Arn.""",76.456118000000004,12.167170000000000,"""Karnataka""",./0.png
73.459242,18.475911,"""Ceropegia santapaui Wadhwa & Ansari""",73.459242000000003,18.475911000000000,"""Maharashtra""",./0.png
73.583336,19.950001,"""Ceropegia attenuata Hook.""",73.583336000000003,19.950001000000000,,./0.png
73.591802,19.939285,"""Ceropegia lawii Hook.f.""",73.591802000000001,19.939285000000002,"""Maharashtra""",./0.png
73.522425,19.158331,"""Ceropegia lawii Hook.f.""",73.522424999999998,19.158331000000000,"""Maharashtra""",./0.png
73.021341,19.186418,"""Ceropegia vincifolia Hook.""",73.021341000000007,19.186418000000000,"""Maharashtra""",./0.png
73.969536,18.276569,"""Ceropegia oculata Hook.""",73.969536000000005,18.276568999999999,"""Maharashtra""",./0.png
73.02289,19.176082,"""Ceropegia vincifolia Hook.""",73.022890000000004,19.176082000000001,"""Maharashtra""",./0.png
73.57,19.92,"""Ceropegia attenuata Hook.""",73.569999999999993,19.920000000000002,"""Maharashtra""",./0.png
73.686633,19.297575,"""Ceropegia lawii Hook.f.""",73.686633000000000,19.297574999999998,"""Maharashtra""",./0.png
75.872245,17.826654,"""Ceropegia adscendens var. fimbriata (Wallich) Bruyns""",75.872245000000007,17.826654000000001,"""Maharashtra""",./0.png
72.906792,19.221035,"""Ceropegia attenuata Hook.""",72.906791999999996,19.221035000000001,,./0.png
73.823716,17.720831,"""Ceropegia jainii Ansari & B.G.Kulk.""",73.823716000000005,17.720831000000000,"""Maharashtra""",./0.png
76.815691,10.447006,"""Ceropegia juncea Roxb.""",76.815691000000001,10.447006000000000,"""Kerala""",./0.png
73.3027,19.00213,"""Ceropegia attenuata Hook.""",73.302700000000002,19.002130000000001,"""Maharashtra""",./0.png
73.3027,19.00213,"""Ceropegia vincifolia Hook.""",73.302700000000002,19.002130000000001,"""Maharashtra""",./0.png
73.271179,18.988659,"""Ceropegia attenuata Hook.""",73.271179000000004,18.988658999999998,"""Maharashtra""",./0.png
73.823716,17.720831,"""Ceropegia vincifolia Hook.""",73.823716000000005,17.720831000000000,"""Maharashtra""",./0.png
95.734237,27.130586,"""Ceropegia lucida Wall.""",95.734236999999993,27.130586000000001,"""Arunachal Pradesh""",./0.png
77.157144,11.987909,"""Ceropegia umbellata (Haw.) Bruyns""",77.157144000000002,11.987909000000000,"""Karnataka""",./0.png
73.96954,17.585975,"""Ceropegia noorjahaniae M.A.Ansari""",73.969539999999995,17.585975000000001,"""Maharashtra""",./0.png
96.535149,27.444916,"""Ceropegia lucida Wall.""",96.535149000000004,27.444915999999999,,./0.png
73.98333,17.68333,"""Ceropegia jainii Ansari & B.G.Kulk.""",73.983329999999995,17.683330000000002,"""Maharashtra""",./0.png
76.678005,12.274199,"""Ceropegia umbellata (Haw.) Bruyns""",76.678004999999999,12.274198999999999,"""Karnataka""",./0.png
77.55,11.07,"""Ceropegia umbellata (Haw.) Bruyns""",77.549999999999997,11.070000000000000,,./0.png
78.047337,30.470951,"""Ceropegia wallichii Wight""",78.047336999999999,30.470950999999999,"""Uttarakhand""",./0.png
78,10,"""Ceropegia sarkariae (Lavranos & R.Frandsen) Bruyns""",78.000000000000000,10.000000000000000,"""Tamil Nadu""",./0.png
77,20,"""Ceropegia santapaui Wadhwa & Ansari""",77.000000000000000,20.000000000000000,,./0.png
79.616202,22.883478,"""Ceropegia candelabrum L.""",79.616202000000001,22.883478000000000,,./0.png
79.61611,22.88361,"""Ceropegia elegans Wall.""",79.616110000000006,22.883610000000001,,./0.png
77.1,20.2,"""Ceropegia juncea Roxb.""",77.099999999999994,20.199999999999999,,./0.png
76.7283,11.4225,"""Ceropegia decaisneana Wight""",76.728300000000004,11.422499999999999,,./0.png
79.616202,22.883478,"""Ceropegia salicifolia H.Huber""",79.616202000000001,22.883478000000000,,./0.png
79.616202,22.883478,"""Ceropegia ensifolia Bedd.""",79.616202000000001,22.883478000000000,,./0.png
76.7283,11.4225,"""Ceropegia decaisneana Wight""",76.728300000000004,11.422499999999999,"""Tamil Nadu""",./0.png
79.61711,22.891,"""Ceropegia hirsuta Wight & Arn.""",79.617109999999997,22.890999999999998,,./0.png
79.62611,22.89361,"""Ceropegia elegans Wall.""",79.626109999999997,22.893609999999999,,./0.png
79.63611,22.9361,"""Ceropegia juncea Roxb.""",79.636110000000002,22.936100000000000,,./0.png
88.46361,27.55361,"""Ceropegia hookeri C.B.Clarke ex Hook.f.""",88.463610000000003,27.553609999999999,,./0.png
79.61611,22.88361,"""Ceropegia ciliata Wight""",79.616110000000006,22.883610000000001,,./0.png
77.211,20.0785,"""Ceropegia pusilla Wight & Arn.""",77.210999999999999,20.078499999999998,,./0.png
91.633333,25.583333,"""Ceropegia juncea Roxb.""",91.633332999999993,25.583333000000000,,./0.png
77.2134,20.0685,"""Ceropegia ciliata Wight""",77.213399999999993,20.068500000000000,,./0.png
73.863611,20.557222,"""Ceropegia hookeri C.B.Clarke ex Hook.f.""",73.863611000000006,20.557221999999999,,./0.png
77.241,20.0985,"""Ceropegia ciliata Wight""",77.241000000000000,20.098500000000001,,./0.png
77.078,20.0785,"""Ceropegia juncea Roxb.""",77.078000000000003,20.078499999999998,,./0.png
75.9933,10.9977,"""Ceropegia juncea Roxb.""",75.993300000000005,10.997700000000000,"""Kerala""",./0.png
73.77,19.34,"""Ceropegia lawii Hook.f.""",73.769999999999996,19.340000000000000,,./0.png
74.13,16.1,"""Ceropegia fantastica Sedgwick""",74.129999999999995,16.100000000000001,,./0.png
75.915,11.0,"""Ceropegia juncea Roxb.""",75.915000000000006,11.000000000000000,,./0.png
75.99,11.0,"""Ceropegia juncea Roxb.""",75.989999999999995,11.000000000000000,,./0.png
77,11,"""Ceropegia adscendens (Roxb.) Bruyns""",77.000000000000000,11.000000000000000,,./0.png
79.5,10.5,"""Ceropegia adscendens (Roxb.) Bruyns""",79.500000000000000,10.500000000000000,,./0.png
76.516667,11.25,"""Ceropegia umbellata (Haw.) Bruyns""",76.516666999999998,11.250000000000000,,./0.png
76.687306,10.936917,"""Ceropegia umbellata (Haw.) Bruyns""",76.687306000000007,10.936916999999999,,./0.png
74.3,33.38,"""Ceropegia plicatiloba (Lavranos) Bruyns""",74.299999999999997,33.380000000000003,,./0.png
77,33,"""Ceropegia macrantha Wight""",77.000000000000000,33.000000000000000,,./0.png
74.92,32.73,"""Ceropegia macrantha Wight""",74.920000000000002,32.729999999999997,,./0.png
